{"assets/acqua_text_out_of_band.riv":["assets/acqua_text_out_of_band.riv"],"assets/audio/racket1-59343.wav":["assets/audio/racket1-59343.wav"],"assets/audio/racket2-59344.wav":["assets/audio/racket2-59344.wav"],"assets/audio/table-59328.wav":["assets/audio/table-59328.wav"],"assets/coyote.riv":["assets/coyote.riv"],"assets/embedded_text.riv":["assets/embedded_text.riv"],"assets/event_sounds.riv":["assets/event_sounds.riv"],"assets/fonts/Inter-Regular.ttf":["assets/fonts/Inter-Regular.ttf"],"assets/hit_test_consume.riv":["assets/hit_test_consume.riv"],"assets/image_out_of_band.riv":["assets/image_out_of_band.riv"],"assets/light_switch.riv":["assets/light_switch.riv"],"assets/lip-sync.riv":["assets/lip-sync.riv"],"assets/liquid_download.riv":["assets/liquid_download.riv"],"assets/little_machine.riv":["assets/little_machine.riv"],"assets/off_road_car.riv":["assets/off_road_car.riv"],"assets/ping_pong_audio_demo.riv":["assets/ping_pong_audio_demo.riv"],"assets/rating_animation.riv":["assets/rating_animation.riv"],"assets/rocket.riv":["assets/rocket.riv"],"assets/runtime_nested_inputs.riv":["assets/runtime_nested_inputs.riv"],"assets/skills.riv":["assets/skills.riv"],"assets/skins_demo.riv":["assets/skins_demo.riv"],"assets/solo_test.riv":["assets/solo_test.riv"],"assets/step.mp3":["assets/step.mp3"],"assets/teeny_tiny.riv":["assets/teeny_tiny.riv"],"assets/text_flutter.riv":["assets/text_flutter.riv"],"assets/trans_text.riv":["assets/trans_text.riv"],"assets/url_event_button.riv":["assets/url_event_button.riv"],"assets/vehicles.riv":["assets/vehicles.riv"],"packages/cupertino_icons/assets/CupertinoIcons.ttf":["packages/cupertino_icons/assets/CupertinoIcons.ttf"]}